Factor,Importance
Hour,0.34722551997494155
TempMax_C,0.34073206319336546
Precipitation_mm,0.1707372996218548
Month,0.1285240407097177
Snowfall_cm,0.01278107650012056
